n_threads,episodes,mean_quality,priority_acc,reply_acc,fact_recall,memory_fact_recall,p0_sla,p1_sla,invalid_rate,api_error_rate,mean_latency_min,input_tokens,output_tokens,calls,passes_threshold
50,1,0.6955555555555556,0.6722222222222223,0.6055555555555555,0.8166666666666667,0.10810810810810811,1.0,1.0,0.0,0.0,0.3850555555555534,0.0,0.0,180.0,False
105,1,0.7055555555555556,0.6888888888888889,0.6944444444444444,0.7388888888888889,0.020833333333333332,1.0,1.0,0.0,0.0,0.3927944444444489,0.0,0.0,180.0,False
